,Response Metric,Performance Metric,Correlation
379,DLS_cor_reject_slope_up,total_hits,0.939652868421669
376,DLS_cor_reject_maximal_value,total_hits,0.9264174541103793
229,DLS_cor_reject_slope_up,hit_rate,0.9130796114770687
76,DLS_cor_reject_maximal_value,d_prime,0.9048523442566342
226,DLS_cor_reject_maximal_value,hit_rate,0.8882076825557823
79,DLS_cor_reject_slope_up,d_prime,0.8651081010736126
438,VS_miss_slope_down,total_hits,0.8488372775339689
2,DLS_cor_reject_peak_timing,c_score,0.845869573303773
288,VS_miss_slope_down,hit_rate,0.822467445189843
426,VS_cor_reject_maximal_value,total_hits,0.8017149015852519
12,DLS_miss_peak_timing,c_score,0.7927492699826753
436,VS_miss_maximal_value,total_hits,0.7912919247258517
276,VS_cor_reject_maximal_value,hit_rate,0.7786928125329822
351,VS_cor_reject_maximal_value,participation,0.7726623203255575
389,DLS_miss_slope_up,total_hits,0.7677705454345517
19,DLS_mistake_slope_up,c_score,0.7626677145374134
89,DLS_miss_slope_up,d_prime,0.7505716101793314
363,VS_miss_slope_down,participation,0.7433099319035078
286,VS_miss_maximal_value,hit_rate,0.7415788563616981
239,DLS_miss_slope_up,hit_rate,0.7392493688206846
4,DLS_cor_reject_slope_up,c_score,-0.7286196214013355
51,VS_cor_reject_maximal_value,c_score,-0.7195664910847608
86,DLS_miss_maximal_value,d_prime,0.7103889732915079
63,VS_miss_slope_down,c_score,-0.7084562385390679
304,DLS_cor_reject_slope_up,participation,0.7031530102508586
386,DLS_miss_maximal_value,total_hits,0.6987111949015393
302,DLS_cor_reject_peak_timing,participation,-0.6920635236734146
227,DLS_cor_reject_peak_timing,hit_rate,-0.6912232322442297
377,DLS_cor_reject_peak_timing,total_hits,-0.687857094226123
435,VS_miss_auc,total_hits,0.6787422396199786
44,DMS_mistake_slope_up,c_score,0.6772756620613267
1,DLS_cor_reject_maximal_value,c_score,-0.6750860750928344
269,DMS_mistake_slope_up,hit_rate,-0.6718313473263504
236,DLS_miss_maximal_value,hit_rate,0.6695317906920508
23,DLS_reward_collect_slope_down,c_score,0.6636495261025007
428,VS_cor_reject_slope_down,total_hits,0.6625798164313516
361,VS_miss_maximal_value,participation,0.6623715250505456
319,DLS_mistake_slope_up,participation,-0.6587956481463798
420,DMS_reward_collect_auc,total_hits,0.6585376337025917
88,DLS_miss_slope_down,d_prime,0.6577108336731825
439,VS_miss_slope_up,total_hits,0.6459718978743041
301,DLS_cor_reject_maximal_value,participation,0.642179937702616
279,VS_cor_reject_slope_up,hit_rate,0.6410138227885903
345,DMS_reward_collect_auc,participation,0.6329250744140928
429,VS_cor_reject_slope_up,total_hits,0.6274644150925011
387,DLS_miss_peak_timing,total_hits,-0.6240257348641327
312,DLS_miss_peak_timing,participation,-0.623752950143801
249,DLS_reward_collect_slope_up,hit_rate,0.6231774216080082
14,DLS_miss_slope_up,c_score,-0.6221005719013671
237,DLS_miss_peak_timing,hit_rate,-0.6219399264367333
289,VS_miss_slope_up,hit_rate,0.619307172555823
270,DMS_reward_collect_auc,hit_rate,0.619243841839937
61,VS_miss_maximal_value,c_score,-0.6177979512712463
399,DLS_reward_collect_slope_up,total_hits,0.615968703970956
344,DMS_mistake_slope_up,participation,-0.6132881242757793
359,VS_hit_slope_up,participation,0.6099128962756141
216,VS_mistake_maximal_value,false_alarm_rate,0.6083000683391989
194,DMS_mistake_slope_up,false_alarm_rate,-0.6051586486101996
215,VS_mistake_auc,false_alarm_rate,0.5998568762566621
354,VS_cor_reject_slope_up,participation,0.5981993131496552
395,DLS_reward_collect_auc,total_hits,0.5899469033946194
45,DMS_reward_collect_auc,c_score,-0.5894281881808396
419,DMS_mistake_slope_up,total_hits,-0.5863635183195338
285,VS_miss_auc,hit_rate,0.5840658260750609
509,VS_hit_slope_up,total_mistakes,0.5820245260352757
353,VS_cor_reject_slope_down,participation,0.5810610611450535
404,DMS_cor_reject_slope_up,total_hits,0.5808644868421005
245,DLS_reward_collect_auc,hit_rate,0.579159076132773
356,VS_hit_maximal_value,participation,0.5771588089538716
169,DLS_mistake_slope_up,false_alarm_rate,-0.5716678699209756
3,DLS_cor_reject_slope_down,c_score,0.570120844844306
516,VS_mistake_maximal_value,total_mistakes,0.5675171925022047
469,DLS_mistake_slope_up,total_mistakes,-0.5648712905666182
43,DMS_mistake_slope_down,c_score,0.5634847526770139
314,DLS_miss_slope_up,participation,0.5598758838517229
374,VS_reward_collect_slope_up,participation,0.559168295284137
278,VS_cor_reject_slope_down,hit_rate,0.5577494811380702
30,DMS_hit_auc,c_score,-0.5573487811811337
320,DLS_reward_collect_auc,participation,0.5561089666823533
138,VS_miss_slope_down,d_prime,0.5523637692962332
54,VS_cor_reject_slope_up,c_score,-0.5515975871839879
16,DLS_mistake_maximal_value,c_score,0.5510367778299732
47,DMS_reward_collect_peak_timing,c_score,0.5508353321868182
494,DMS_mistake_slope_up,total_mistakes,-0.55060993164343
501,VS_cor_reject_maximal_value,total_mistakes,0.5504460045595915
136,VS_miss_maximal_value,d_prime,0.5492997322288268
401,DMS_cor_reject_maximal_value,total_hits,0.5490989114303465
244,DLS_mistake_slope_up,hit_rate,-0.5476114314853426
209,VS_hit_slope_up,false_alarm_rate,0.5464336052323494
358,VS_hit_slope_down,participation,0.5454156343755108
329,DMS_cor_reject_slope_up,participation,0.5433976224754113
388,DLS_miss_slope_down,total_hits,0.5431192451488467
506,VS_hit_maximal_value,total_mistakes,0.5426958257230556
37,DMS_miss_peak_timing,c_score,0.5407771978215068
330,DMS_hit_auc,participation,0.5396597557707645
251,DMS_cor_reject_maximal_value,hit_rate,0.5386338568509293
59,VS_hit_slope_up,c_score,-0.5385861476356757
524,VS_reward_collect_slope_up,total_mistakes,0.5368732489610718
99,DLS_reward_collect_slope_up,d_prime,0.5352971540074261
40,DMS_mistake_auc,c_score,0.5351545795097657
291,VS_mistake_maximal_value,hit_rate,0.5350293177080638
20,DLS_reward_collect_auc,c_score,-0.534592653847691
254,DMS_cor_reject_slope_up,hit_rate,0.5337561372197388
323,DLS_reward_collect_slope_down,participation,-0.5312150119382576
405,DMS_hit_auc,total_hits,0.5306555597323078
364,VS_miss_slope_up,participation,0.5292825699126941
201,VS_cor_reject_maximal_value,false_alarm_rate,0.5288611618166281
394,DLS_mistake_slope_up,total_hits,-0.5252820138359007
255,DMS_hit_auc,hit_rate,0.5252816999923674
370,VS_reward_collect_auc,participation,0.5224336439845266
56,VS_hit_maximal_value,c_score,-0.5222182036176967
366,VS_mistake_maximal_value,participation,0.5209171588600991
360,VS_miss_auc,participation,0.5204257395466664
519,VS_mistake_slope_up,total_mistakes,0.5201042136243638
515,VS_mistake_auc,total_mistakes,0.5167406516011132
343,DMS_mistake_slope_down,participation,-0.515498898580677
64,VS_miss_slope_up,c_score,-0.5152141363561187
326,DMS_cor_reject_maximal_value,participation,0.512706684277592
219,VS_mistake_slope_up,false_alarm_rate,0.5126612620174027
26,DMS_cor_reject_maximal_value,c_score,-0.5112337791074704
135,VS_miss_auc,d_prime,0.5110940496551929
53,VS_cor_reject_slope_down,c_score,-0.5089100769893085
193,DMS_mistake_slope_down,false_alarm_rate,-0.5078620319027831
206,VS_hit_maximal_value,false_alarm_rate,0.5060066021701746
85,DLS_miss_auc,d_prime,-0.5050704592559089
493,DMS_mistake_slope_down,total_mistakes,-0.5038992670370017
41,DMS_mistake_maximal_value,c_score,0.5034217933296521
335,DMS_miss_auc,participation,0.5032652379331942
238,DLS_miss_slope_down,hit_rate,0.4980266088693432
508,VS_hit_slope_down,total_mistakes,0.4977540877111296
495,DMS_reward_collect_auc,total_mistakes,0.4966537000751942
65,VS_mistake_auc,c_score,-0.4961156184380032
230,DLS_hit_auc,hit_rate,0.49437611871141646
224,VS_reward_collect_slope_up,false_alarm_rate,0.4931301435509787
74,VS_reward_collect_slope_up,c_score,-0.49238785872469093
380,DLS_hit_auc,total_hits,0.49226066057968526
410,DMS_miss_auc,total_hits,0.49161938736066507
434,VS_hit_slope_up,total_hits,0.49055175465671297
445,VS_reward_collect_auc,total_hits,0.48855766000892437
58,VS_hit_slope_down,c_score,-0.4869663698753626
355,VS_hit_auc,participation,0.4854533335128918
11,DLS_miss_maximal_value,c_score,-0.48532731540900426
311,DLS_miss_maximal_value,participation,0.4814816510319988
243,DLS_mistake_slope_down,hit_rate,0.4809703749863537
195,DMS_reward_collect_auc,false_alarm_rate,0.4793769233461935
66,VS_mistake_maximal_value,c_score,-0.47911624970318456
29,DMS_cor_reject_slope_up,c_score,-0.4791106284547889
120,DMS_reward_collect_auc,d_prime,0.4777367911295442
264,DMS_miss_slope_up,hit_rate,0.476772418834345
414,DMS_miss_slope_up,total_hits,0.4757085221300613
70,VS_reward_collect_auc,c_score,-0.47519481981843215
413,DMS_miss_slope_down,total_hits,0.4751830051458743
77,DLS_cor_reject_peak_timing,d_prime,-0.4742054061084194
411,DMS_miss_maximal_value,total_hits,0.4721945602541002
431,VS_hit_maximal_value,total_hits,0.47199397250463243
248,DLS_reward_collect_slope_down,hit_rate,-0.47048549919612964
139,VS_miss_slope_up,d_prime,0.4690951235558408
393,DLS_mistake_slope_down,total_hits,0.4674237098060589
180,DMS_hit_auc,false_alarm_rate,0.46677505287685206
292,VS_mistake_peak_timing,hit_rate,0.4661175341923005
263,DMS_miss_slope_down,hit_rate,0.4649966831102914
480,DMS_hit_auc,total_mistakes,0.46481591640967024
60,VS_miss_auc,c_score,-0.4612262131053794
433,VS_hit_slope_down,total_hits,0.4605939175924961
260,DMS_miss_auc,hit_rate,0.45822949438236266
5,DLS_hit_auc,c_score,-0.45764861543856633
418,DMS_mistake_slope_down,total_hits,-0.4548878912496645
15,DLS_mistake_auc,c_score,0.4547160131666852
208,VS_hit_slope_down,false_alarm_rate,0.45406414684727947
336,DMS_miss_maximal_value,participation,0.454011261140056
119,DMS_mistake_slope_up,d_prime,-0.4526588777625152
104,DMS_cor_reject_slope_up,d_prime,0.45248287265574993
338,DMS_miss_slope_down,participation,0.45211121742650817
101,DMS_cor_reject_maximal_value,d_prime,0.45156133050323227
261,DMS_miss_maximal_value,hit_rate,0.450495780945441
268,DMS_mistake_slope_down,hit_rate,-0.4501704176683676
513,VS_miss_slope_down,total_mistakes,0.4491069934353455
398,DLS_reward_collect_slope_down,total_hits,-0.4483891440618812
415,DMS_mistake_auc,total_hits,-0.4466126302055917
449,VS_reward_collect_slope_up,total_hits,0.44658092810369004
39,DMS_miss_slope_up,c_score,-0.4459005020648337
197,DMS_reward_collect_peak_timing,false_alarm_rate,-0.4447280010774174
305,DLS_hit_auc,participation,0.44442225758774007
55,VS_hit_auc,c_score,-0.44275364281048
347,DMS_reward_collect_peak_timing,participation,-0.44274424448267813
38,DMS_miss_slope_down,c_score,-0.4399406308177176
284,VS_hit_slope_up,hit_rate,0.4392324817841181
324,DLS_reward_collect_slope_up,participation,0.4380791981334426
485,DMS_miss_auc,total_mistakes,0.43782426988785855
95,DLS_reward_collect_auc,d_prime,0.43371548995554327
505,VS_hit_auc,total_mistakes,0.4334448190326393
339,DMS_miss_slope_up,participation,0.43332536216682827
152,DLS_cor_reject_peak_timing,false_alarm_rate,-0.4328276092798268
213,VS_miss_slope_down,false_alarm_rate,0.43018787245562307
48,DMS_reward_collect_slope_down,c_score,0.4300734773444613
87,DLS_miss_peak_timing,d_prime,-0.42995168070323164
497,DMS_reward_collect_peak_timing,total_mistakes,-0.42864256838265097
520,VS_reward_collect_auc,total_mistakes,0.427668543854819
173,DLS_reward_collect_slope_down,false_alarm_rate,-0.4264274999024003
290,VS_mistake_auc,hit_rate,0.42514232125712514
262,DMS_miss_peak_timing,hit_rate,-0.4229138132721664
403,DMS_cor_reject_slope_down,total_hits,0.42181988628711586
25,DMS_cor_reject_auc,c_score,-0.4205621990903295
452,DLS_cor_reject_peak_timing,total_mistakes,-0.4197749887786719
272,DMS_reward_collect_peak_timing,hit_rate,-0.41927163182722904
430,VS_hit_auc,total_hits,0.4192039280561464
504,VS_cor_reject_slope_up,total_mistakes,0.4191370226423078
36,DMS_miss_maximal_value,c_score,-0.41840854527900356
57,VS_hit_peak_timing,c_score,-0.41818600553049795
80,DLS_hit_auc,d_prime,0.41662320219411586
35,DMS_miss_auc,c_score,-0.41658236653610753
167,DLS_mistake_peak_timing,false_alarm_rate,0.4158127400262807
473,DLS_reward_collect_slope_down,total_mistakes,-0.4143285169705397
126,VS_cor_reject_maximal_value,d_prime,0.41346393722064856
467,DLS_mistake_peak_timing,total_mistakes,0.4134179579621606
185,DMS_miss_auc,false_alarm_rate,0.4133199634938033
204,VS_cor_reject_slope_up,false_alarm_rate,0.4119090950250946
28,DMS_cor_reject_slope_down,c_score,-0.41175201729095945
93,DLS_mistake_slope_down,d_prime,0.4107092037199212
267,DMS_mistake_peak_timing,hit_rate,0.4095388827891889
316,DLS_mistake_maximal_value,participation,-0.40911857210296443
432,VS_hit_peak_timing,total_hits,0.4082430778948151
22,DLS_reward_collect_peak_timing,c_score,0.40813792195716564
479,DMS_cor_reject_slope_up,total_mistakes,0.40565335515718554
365,VS_mistake_auc,participation,0.4051549945897064
129,VS_cor_reject_slope_up,d_prime,0.4051024702370068
281,VS_hit_maximal_value,hit_rate,0.40264460100878113
50,VS_cor_reject_auc,c_score,-0.4023418084756743
371,VS_reward_collect_maximal_value,participation,0.4019572845695585
303,DLS_cor_reject_slope_down,participation,-0.4013288440124517
422,DMS_reward_collect_peak_timing,total_hits,-0.40007306648840935
114,DMS_miss_slope_up,d_prime,0.399856003066762
265,DMS_mistake_auc,hit_rate,-0.39884490765338776
340,DMS_mistake_auc,participation,-0.39812900831302833
328,DMS_cor_reject_slope_down,participation,0.3933706346733153
253,DMS_cor_reject_slope_down,hit_rate,0.3933033522010072
205,VS_hit_auc,false_alarm_rate,0.39303966350848163
282,VS_hit_peak_timing,hit_rate,0.3907286601062695
162,DLS_miss_peak_timing,false_alarm_rate,-0.38482758016560425
176,DMS_cor_reject_maximal_value,false_alarm_rate,0.38442394275155645
166,DLS_mistake_maximal_value,false_alarm_rate,-0.38375526553026346
220,VS_reward_collect_auc,false_alarm_rate,0.3822121857091181
476,DMS_cor_reject_maximal_value,total_mistakes,0.3813459794319682
179,DMS_cor_reject_slope_up,false_alarm_rate,0.38050967039802885
123,DMS_reward_collect_slope_down,d_prime,-0.3793931767149583
142,VS_mistake_peak_timing,d_prime,0.37896472134421294
466,DLS_mistake_maximal_value,total_mistakes,-0.3780304159688313
68,VS_mistake_slope_down,c_score,0.37762529829914554
295,VS_reward_collect_auc,hit_rate,0.3775365045333805
187,DMS_miss_peak_timing,false_alarm_rate,-0.37704694150309437
266,DMS_mistake_maximal_value,hit_rate,-0.37489069766323824
192,DMS_mistake_peak_timing,false_alarm_rate,0.3739258831705394
115,DMS_mistake_auc,d_prime,-0.3738271419463175
462,DLS_miss_peak_timing,total_mistakes,-0.3736375758629196
24,DLS_reward_collect_slope_up,c_score,-0.37289867513370545
350,VS_cor_reject_auc,participation,0.37021288876172626
416,DMS_mistake_maximal_value,total_hits,-0.3699995290689504
341,DMS_mistake_maximal_value,participation,-0.3690575165140303
283,VS_hit_slope_down,hit_rate,0.367554898602293
337,DMS_miss_peak_timing,participation,-0.36696311750468524
299,VS_reward_collect_slope_up,hit_rate,0.3669151472461056
153,DLS_cor_reject_slope_down,false_alarm_rate,-0.36433791606278393
511,VS_miss_maximal_value,total_mistakes,0.36403878601994966
317,DLS_mistake_peak_timing,participation,0.36349798143593276
105,DMS_hit_auc,d_prime,0.3634490646863108
521,VS_reward_collect_maximal_value,total_mistakes,0.36267550710300095
113,DMS_miss_slope_down,d_prime,0.3621493167838211
318,DLS_mistake_slope_down,participation,0.3613462181983449
453,DLS_cor_reject_slope_down,total_mistakes,-0.36055019576932634
42,DMS_mistake_peak_timing,c_score,-0.36037058457590143
385,DLS_miss_auc,total_hits,-0.3589584901916133
357,VS_hit_peak_timing,participation,0.35873801144841816
412,DMS_miss_peak_timing,total_hits,-0.3571022909487507
486,DMS_miss_maximal_value,total_mistakes,0.35651435316538305
503,VS_cor_reject_slope_down,total_mistakes,0.35208640066807845
441,VS_mistake_maximal_value,total_hits,0.35104881632275603
71,VS_reward_collect_maximal_value,c_score,-0.35065000736820473
188,DMS_miss_slope_down,false_alarm_rate,0.3490561958850986
18,DLS_mistake_slope_down,c_score,-0.3486012302159947
186,DMS_miss_maximal_value,false_alarm_rate,0.348369238540127
488,DMS_miss_slope_down,total_mistakes,0.348366883746635
442,VS_mistake_peak_timing,total_hits,0.3435954769406077
446,VS_reward_collect_maximal_value,total_hits,0.3434550279002469
67,VS_mistake_peak_timing,c_score,-0.3414359419485144
211,VS_miss_maximal_value,false_alarm_rate,0.3396004063188375
111,DMS_miss_maximal_value,d_prime,0.335772798292005
247,DLS_reward_collect_peak_timing,hit_rate,-0.3323740641128548
191,DMS_mistake_maximal_value,false_alarm_rate,-0.33015136978375037
425,VS_cor_reject_auc,total_hits,0.32625022268844306
402,DMS_cor_reject_peak_timing,total_hits,-0.32567036851587816
102,DMS_cor_reject_peak_timing,d_prime,-0.3244705223097599
500,VS_cor_reject_auc,total_mistakes,0.3237495763028868
143,VS_mistake_slope_down,d_prime,0.32370433405472665
200,VS_cor_reject_auc,false_alarm_rate,0.3224652793816124
443,VS_mistake_slope_down,total_hits,-0.32235445072691554
280,VS_hit_auc,hit_rate,0.32220108722940677
487,DMS_miss_peak_timing,total_mistakes,-0.32108126770146084
342,DMS_mistake_peak_timing,participation,0.32057803770897764
189,DMS_miss_slope_up,false_alarm_rate,0.3195453055451706
349,DMS_reward_collect_slope_up,participation,0.3195394336422914
235,DLS_miss_auc,hit_rate,-0.31911949012931523
397,DLS_reward_collect_peak_timing,total_hits,-0.3170097010284681
128,VS_cor_reject_slope_down,d_prime,0.316872713150583
373,VS_reward_collect_slope_down,participation,0.3158506985125995
110,DMS_miss_auc,d_prime,0.315731818436596
17,DLS_mistake_peak_timing,c_score,-0.31537265521642815
221,VS_reward_collect_maximal_value,false_alarm_rate,0.31282079475530106
273,DMS_reward_collect_slope_down,hit_rate,-0.3115206397242566
233,DLS_hit_slope_down,hit_rate,0.31127638123977075
32,DMS_hit_peak_timing,c_score,-0.3096412385153121
492,DMS_mistake_peak_timing,total_mistakes,0.3086480357267518
491,DMS_mistake_maximal_value,total_mistakes,-0.30835622509992605
90,DLS_mistake_auc,d_prime,-0.30828122385514384
241,DLS_mistake_maximal_value,hit_rate,-0.3077394202882598
383,DLS_hit_slope_down,total_hits,0.3070929434068658
489,DMS_miss_slope_up,total_mistakes,0.30671803406682246
523,VS_reward_collect_slope_down,total_mistakes,0.30654929616298787
275,VS_cor_reject_auc,hit_rate,0.3060287919321134
369,VS_mistake_slope_up,participation,0.30595796711153556
277,VS_cor_reject_peak_timing,hit_rate,-0.30494328904907314
228,DLS_cor_reject_slope_down,hit_rate,-0.3048306978485709
499,DMS_reward_collect_slope_up,total_mistakes,0.30428336145751594
203,VS_cor_reject_slope_down,false_alarm_rate,0.30117869187849905
322,DLS_reward_collect_peak_timing,participation,-0.30097597700367773
308,DLS_hit_slope_down,participation,0.30034703928774503
127,VS_cor_reject_peak_timing,d_prime,-0.29834144512986654
378,DLS_cor_reject_slope_down,total_hits,-0.29768608807044655
390,DLS_mistake_auc,total_hits,-0.29750827506260763
391,DLS_mistake_maximal_value,total_hits,-0.2944067779081109
170,DLS_reward_collect_auc,false_alarm_rate,0.2942640811964639
470,DLS_reward_collect_auc,total_mistakes,0.2942388701720699
424,DMS_reward_collect_slope_up,total_hits,0.2925308966018015
478,DMS_cor_reject_slope_down,total_mistakes,0.2918777974034105
417,DMS_mistake_peak_timing,total_hits,0.2909636673141314
178,DMS_cor_reject_slope_down,false_alarm_rate,0.29076503398510783
423,DMS_reward_collect_slope_down,total_hits,-0.2885773878581157
313,DLS_miss_slope_down,participation,0.28485378145968654
368,VS_mistake_slope_down,participation,-0.2813010001584596
117,DMS_mistake_peak_timing,d_prime,0.27879193586973605
13,DLS_miss_slope_down,c_score,-0.27745780837795236
112,DMS_miss_peak_timing,d_prime,-0.27715210173429194
514,VS_miss_slope_up,total_mistakes,0.2767183055003383
240,DLS_mistake_auc,hit_rate,-0.27663222898909823
199,DMS_reward_collect_slope_up,false_alarm_rate,0.2728444332723527
73,VS_reward_collect_slope_down,c_score,-0.27159028868754725
103,DMS_cor_reject_slope_down,d_prime,0.2713345738959038
367,VS_mistake_peak_timing,participation,0.269658529185334
490,DMS_mistake_auc,total_mistakes,-0.26901202754902304
75,DLS_cor_reject_auc,d_prime,-0.2686398756325323
214,VS_miss_slope_up,false_alarm_rate,0.2674765126881569
190,DMS_mistake_auc,false_alarm_rate,-0.2674764189864908
450,DLS_cor_reject_auc,total_mistakes,0.2670041036366906
122,DMS_reward_collect_peak_timing,d_prime,-0.26641231572006563
116,DMS_mistake_maximal_value,d_prime,-0.2641512382585332
49,DMS_reward_collect_slope_up,c_score,-0.26243507683486045
327,DMS_cor_reject_peak_timing,participation,-0.26025240027784585
150,DLS_cor_reject_auc,false_alarm_rate,0.2576656234758902
223,VS_reward_collect_slope_down,false_alarm_rate,0.2568075256527545
274,DMS_reward_collect_slope_up,hit_rate,0.25353925682477796
175,DMS_cor_reject_auc,false_alarm_rate,0.2528950301584912
212,VS_miss_peak_timing,false_alarm_rate,-0.2503102186401995
448,VS_reward_collect_slope_down,total_hits,0.24907934024000883
148,VS_reward_collect_slope_down,d_prime,-0.2437882473189288
315,DLS_mistake_auc,participation,-0.24354633593682848
242,DLS_mistake_peak_timing,hit_rate,0.24217705984204935
348,DMS_reward_collect_slope_down,participation,-0.2396262693392798
82,DLS_hit_peak_timing,d_prime,-0.23925255537207268
207,VS_hit_peak_timing,false_alarm_rate,0.22803482461833774
346,DMS_reward_collect_maximal_value,participation,0.2277129566083309
510,VS_miss_auc,total_mistakes,0.22690705920892046
250,DMS_cor_reject_auc,hit_rate,0.22136544561186683
155,DLS_hit_auc,false_alarm_rate,0.21993759846447428
296,VS_reward_collect_maximal_value,hit_rate,0.21971753849736358
507,VS_hit_peak_timing,total_mistakes,0.21822622109193757
202,VS_cor_reject_peak_timing,false_alarm_rate,-0.21813594801102124
421,DMS_reward_collect_maximal_value,total_hits,0.21802241983272364
460,DLS_miss_auc,total_mistakes,0.21664485934323022
8,DLS_hit_slope_down,c_score,-0.21416997579340377
252,DMS_cor_reject_peak_timing,hit_rate,-0.2130229407712767
455,DLS_hit_auc,total_mistakes,0.2110776635349229
182,DMS_hit_peak_timing,false_alarm_rate,0.21043215624401135
98,DLS_reward_collect_slope_down,d_prime,-0.2076441699446831
160,DLS_miss_auc,false_alarm_rate,0.20754226763934325
384,DLS_hit_slope_up,total_hits,0.2065929384454215
52,VS_cor_reject_peak_timing,c_score,0.2045384243788905
496,DMS_reward_collect_maximal_value,total_mistakes,0.20402970999240408
352,VS_cor_reject_peak_timing,participation,-0.20377434246667747
512,VS_miss_peak_timing,total_mistakes,-0.20222615842385605
440,VS_mistake_auc,total_hits,0.20036428528373618
234,DLS_hit_slope_up,hit_rate,0.1992900463264905
522,VS_reward_collect_peak_timing,total_mistakes,-0.1987390896361976
97,DLS_reward_collect_peak_timing,d_prime,-0.19598859323938445
62,VS_miss_peak_timing,c_score,0.1958145569137238
392,DLS_mistake_peak_timing,total_hits,0.19457510173394252
10,DLS_miss_auc,c_score,0.1944304255071351
518,VS_mistake_slope_down,total_mistakes,-0.1930430552014929
210,VS_miss_auc,false_alarm_rate,0.1886548122483015
222,VS_reward_collect_peak_timing,false_alarm_rate,-0.18238113988234111
84,DLS_hit_slope_up,d_prime,0.18207649880632726
217,VS_mistake_peak_timing,false_alarm_rate,0.18141827345729697
257,DMS_hit_peak_timing,hit_rate,0.18110017600727615
271,DMS_reward_collect_maximal_value,hit_rate,0.18044200184237155
502,VS_cor_reject_peak_timing,total_mistakes,-0.17989072331094547
287,VS_miss_peak_timing,hit_rate,-0.17807049835000985
427,VS_cor_reject_peak_timing,total_hits,-0.1779451800739764
21,DLS_reward_collect_maximal_value,c_score,0.17752269760640568
172,DLS_reward_collect_peak_timing,false_alarm_rate,-0.1773087724709486
196,DMS_reward_collect_maximal_value,false_alarm_rate,0.17508701842133867
198,DMS_reward_collect_slope_down,false_alarm_rate,-0.17506756282941927
144,VS_mistake_slope_up,d_prime,-0.17501706653575538
94,DLS_mistake_slope_up,d_prime,-0.17437894632205828
458,DLS_hit_slope_down,total_mistakes,0.17225750783579813
158,DLS_hit_slope_down,false_alarm_rate,0.17094758570244792
218,VS_mistake_slope_down,false_alarm_rate,-0.17027721452867567
382,DLS_hit_peak_timing,total_hits,-0.16990556327529494
141,VS_mistake_maximal_value,d_prime,0.1663924523194856
475,DMS_cor_reject_auc,total_mistakes,0.1661690615610305
154,DLS_cor_reject_slope_up,false_alarm_rate,0.16402602953742698
69,VS_mistake_slope_up,c_score,-0.16356043289102234
472,DLS_reward_collect_peak_timing,total_mistakes,-0.16188584832026118
146,VS_reward_collect_maximal_value,d_prime,-0.16002421753855658
457,DLS_hit_peak_timing,total_mistakes,0.1595968525420082
46,DMS_reward_collect_maximal_value,c_score,-0.15381175452438572
157,DLS_hit_peak_timing,false_alarm_rate,0.15118718249745516
83,DLS_hit_slope_down,d_prime,0.1489595628812718
118,DMS_mistake_slope_down,d_prime,-0.14833954689129872
454,DLS_cor_reject_slope_up,total_mistakes,0.14785587420343824
100,DMS_cor_reject_auc,d_prime,0.14731326174910397
483,DMS_hit_slope_down,total_mistakes,0.1466332530293678
293,VS_mistake_slope_down,hit_rate,-0.1456898556304898
309,DLS_hit_slope_up,participation,0.14480285824950964
325,DMS_cor_reject_auc,participation,0.1446625247810203
232,DLS_hit_peak_timing,hit_rate,-0.14452623126488576
362,VS_miss_peak_timing,participation,-0.14406421956536336
109,DMS_hit_slope_up,d_prime,-0.14356802825019793
498,DMS_reward_collect_slope_down,total_mistakes,-0.13541017854332557
481,DMS_hit_maximal_value,total_mistakes,0.13293169853507766
477,DMS_cor_reject_peak_timing,total_mistakes,-0.13063915541237772
0,DLS_cor_reject_auc,c_score,-0.1305526857964975
333,DMS_hit_slope_down,participation,0.12824579717415385
463,DLS_miss_slope_down,total_mistakes,-0.12811264682546356
7,DLS_hit_peak_timing,c_score,0.12718732791600595
149,VS_reward_collect_slope_up,d_prime,-0.12692274273489018
517,VS_mistake_peak_timing,total_mistakes,0.12596395343676783
294,VS_mistake_slope_up,hit_rate,0.12481790383845115
132,VS_hit_peak_timing,d_prime,0.12405592214140122
163,DLS_miss_slope_down,false_alarm_rate,-0.12111672726923385
298,VS_reward_collect_slope_down,hit_rate,0.11480905074345887
124,DMS_reward_collect_slope_up,d_prime,0.1140677605618631
310,DLS_miss_auc,participation,-0.11314517774457605
400,DMS_cor_reject_auc,total_hits,0.11124047410342866
168,DLS_mistake_slope_down,false_alarm_rate,0.11087598688526182
372,VS_reward_collect_peak_timing,participation,-0.11030688422819643
164,DLS_miss_slope_up,false_alarm_rate,0.10981560724404767
484,DMS_hit_slope_up,total_mistakes,0.1086523515302245
130,VS_hit_auc,d_prime,-0.10743250736898624
106,DMS_hit_maximal_value,d_prime,-0.10601277492138422
133,VS_hit_slope_down,d_prime,-0.10589669704843219
81,DLS_hit_maximal_value,d_prime,0.10448861999970549
91,DLS_mistake_maximal_value,d_prime,-0.10369875252180157
331,DMS_hit_maximal_value,participation,0.10274214724677688
6,DLS_hit_maximal_value,c_score,0.10217332518112571
78,DLS_cor_reject_slope_down,d_prime,-0.10149163556673856
147,VS_reward_collect_peak_timing,d_prime,0.10132625977393638
375,DLS_cor_reject_auc,total_hits,-0.10099774462338705
408,DMS_hit_slope_down,total_hits,0.09912266821256507
183,DMS_hit_slope_down,false_alarm_rate,0.09655510067718537
464,DLS_miss_slope_up,total_mistakes,0.09506273467566698
468,DLS_mistake_slope_down,total_mistakes,0.09387215602335186
165,DLS_mistake_auc,false_alarm_rate,-0.09294149167773093
131,VS_hit_maximal_value,d_prime,-0.09220010329173792
231,DLS_hit_maximal_value,hit_rate,0.09177353004420588
381,DLS_hit_maximal_value,total_hits,0.08946679099450625
225,DLS_cor_reject_auc,hit_rate,-0.08894773022379772
181,DMS_hit_maximal_value,false_alarm_rate,0.08865414291791641
300,DLS_cor_reject_auc,participation,0.08545027514822928
108,DMS_hit_slope_down,d_prime,-0.08415226846948878
465,DLS_mistake_auc,total_mistakes,-0.08356152117026838
246,DLS_reward_collect_maximal_value,hit_rate,0.08323428967608457
92,DLS_mistake_peak_timing,d_prime,-0.0809149855338282
140,VS_mistake_auc,d_prime,-0.0806844896548756
396,DLS_reward_collect_maximal_value,total_hits,0.07919013900781934
174,DLS_reward_collect_slope_up,false_alarm_rate,0.07506151125695015
96,DLS_reward_collect_maximal_value,d_prime,0.07408743883827504
334,DMS_hit_slope_up,participation,0.07373167249655027
151,DLS_cor_reject_maximal_value,false_alarm_rate,0.07194397695268082
33,DMS_hit_slope_down,c_score,-0.07170790186988135
121,DMS_reward_collect_maximal_value,d_prime,0.07088477438671889
107,DMS_hit_peak_timing,d_prime,0.06873828629518916
406,DMS_hit_maximal_value,total_hits,0.06787927740641223
474,DLS_reward_collect_slope_up,total_mistakes,0.056767741654856305
451,DLS_cor_reject_maximal_value,total_mistakes,0.056054792269510684
482,DMS_hit_peak_timing,total_mistakes,0.0558573814763225
437,VS_miss_peak_timing,total_hits,-0.05341558886637229
27,DMS_cor_reject_peak_timing,c_score,0.05286863209328127
184,DMS_hit_slope_up,false_alarm_rate,0.05153953244008408
407,DMS_hit_peak_timing,total_hits,-0.049890042530866055
177,DMS_cor_reject_peak_timing,false_alarm_rate,-0.0498318280617084
171,DLS_reward_collect_maximal_value,false_alarm_rate,-0.04934259704014476
161,DLS_miss_maximal_value,false_alarm_rate,0.04892880369399731
134,VS_hit_slope_up,d_prime,-0.04586050076528147
471,DLS_reward_collect_maximal_value,total_mistakes,-0.04516120764938525
306,DLS_hit_maximal_value,participation,0.044827242921302614
72,VS_reward_collect_peak_timing,c_score,0.04286137910603041
31,DMS_hit_maximal_value,c_score,-0.03898964350935935
409,DMS_hit_slope_up,total_hits,0.0388249003504392
461,DLS_miss_maximal_value,total_mistakes,0.03726052516575005
259,DMS_hit_slope_up,hit_rate,-0.03588566941110427
145,VS_reward_collect_auc,d_prime,-0.031222373826046906
444,VS_mistake_slope_up,total_hits,0.03007506526324183
156,DLS_hit_maximal_value,false_alarm_rate,-0.0270696703016092
258,DMS_hit_slope_down,hit_rate,0.026490771219188775
321,DLS_reward_collect_maximal_value,participation,0.026459790243734033
456,DLS_hit_maximal_value,total_mistakes,-0.0247861057446236
125,VS_cor_reject_auc,d_prime,-0.023646551883569986
34,DMS_hit_slope_up,c_score,0.02265086826421192
297,VS_reward_collect_peak_timing,hit_rate,-0.02150259497324022
307,DLS_hit_peak_timing,participation,-0.02107993914187332
459,DLS_hit_slope_up,total_mistakes,0.015303242851875697
137,VS_miss_peak_timing,d_prime,-0.014308824771454388
159,DLS_hit_slope_up,false_alarm_rate,0.010860613639043774
256,DMS_hit_maximal_value,hit_rate,0.00982081430313117
9,DLS_hit_slope_up,c_score,-0.006901224640076153
332,DMS_hit_peak_timing,participation,-0.0050581911589941825
447,VS_reward_collect_peak_timing,total_hits,0.001444178937089164
